{
  "$schema": "http://schema.management.azure.com/schemas/2014-04-01-preview/deploymentTemplate.json",
  "contentVersion": "1.0.0.0",
  "parameters": {
    "location": {
      "defaultValue": "eastus",
      "type": "String",
      "metadata": {
        "description": "Location of the resources."
      }
    }
  },
  "resources": [
    {
      "apiVersion": "2018-07-01-preview",
      "name": "VotingAppNetwork",
      "type": "Microsoft.ServiceFabricMesh/networks",
      "location": "[parameters('location')]",
      "dependsOn": [],
      "properties": {
        "description": "VotingApp Network",
        "addressPrefix": "10.0.0.4/22",
        "ingressConfig": {
          "layer4": [
            {
              "name": "VotingWebIngress",
              "publicPort": "8080",
              "applicationName": "VotingApp",
              "serviceName": "VotingWeb",
              "endpointName": "VotingWebListener"
            }
          ]
        }
      }
    },
    {
      "apiVersion": "2018-07-01-preview",
      "name": "VotingApp",
      "type": "Microsoft.ServiceFabricMesh/applications",
      "location": "[parameters('location')]",
      "dependsOn": [
        "Microsoft.ServiceFabricMesh/networks/VotingAppNetwork"
      ],
      "properties": {
        "services": [
          {
            "name": "VotingData",
            "properties": {
              "description": "VotingData Backend",
              "osType": "linux",
              "codePackages": [
                {
                  "name": "VotingData",
                  "image": "votingdata:dev",
                  "endpoints": [
                    {
                      "name": "VotingDataListener",
                      "port": 8288
                    }
                  ],
                  "environmentVariables": [
                    {
                      "name": "ASPNETCORE_URLS",
                      "value": "http://+:8288"
                    }
                  ],
                  "resources": {
                    "requests": {
                      "cpu": 0.5,
                      "memoryInGB": 1.0
                    }
                  }
                }
              ],
              "replicaCount": 1,
              "networkRefs": [
                {
                  "name": "[resourceId('Microsoft.ServiceFabricMesh/networks', 'VotingAppNetwork')]"
                }
              ]
            }
          },
          {
            "name": "VotingWeb",
            "properties": {
              "description": "VotingWeb Frontend",
              "osType": "linux",
              "codePackages": [
                {
                  "name": "VotingWeb",
                  "image": "votingweb:dev",
                  "endpoints": [
                    {
                      "name": "VotingWebListener",
                      "port": 8080
                    }
                  ],
                  "environmentVariables": [
                    {
                      "name": "ASPNETCORE_URLS",
                      "value": "http://+:8080"
                    },
                    {
                      "name": "Voting_BackendHostName",
                      "value": "VotingData"
                    },
                    {
                      "name": "Voting_BackendHostPort",
                      "value": "8288"
                    }
                  ],
                  "resources": {
                    "requests": {
                      "cpu": 0.5,
                      "memoryInGB": 1.0
                    }
                  }
                }
              ],
              "replicaCount": 1,
              "networkRefs": [
                {
                  "name": "[resourceId('Microsoft.ServiceFabricMesh/networks', 'VotingAppNetwork')]"
                }
              ]
            }
          }
        ],
        "description": "VotingApp for Mesh"
      }
    }
  ]
}
