﻿<?xml version="1.0" encoding="utf-8"?>
<ServiceManifest xmlns:xsd="http://www.w3.org/2001/XMLSchema" xmlns:xsi="http://www.w3.org/2001/XMLSchema-instance" Name="SFActorPkg" Version="1.0.0" xmlns="http://schemas.microsoft.com/2011/01/fabric">
  <ServiceTypes>
    <StatefulServiceType ServiceTypeName="SfActorServiceType" HasPersistedState="true">
      <PlacementConstraints>tgt==true</PlacementConstraints>
      <Extensions>
        <Extension Name="__GeneratedServiceType__" GeneratedId="d4cb4be7-0685-4612-a8fc-8059ea44d4d7|Persisted">
          <GeneratedNames xmlns="http://schemas.microsoft.com/2015/03/fabact-no-schema">
            <DefaultService Name="SfActorService" />
            <ReplicatorEndpoint Name="SfActorServiceReplicatorEndpoint" />
            <ReplicatorConfigSection Name="SfActorServiceReplicatorConfig" />
            <ReplicatorSecurityConfigSection Name="SfActorServiceReplicatorSecurityConfig" />
            <StoreConfigSection Name="SfActorServiceLocalStoreConfig" />
            <ServiceEndpoint Name="SfActorServiceEndpoint" />
          </GeneratedNames>
        </Extension>
      </Extensions>
    </StatefulServiceType>
  </ServiceTypes>
  <CodePackage Name="Code" Version="1.0.0">
    <EntryPoint>
      <ExeHost>
        <Program>SFActor.exe</Program>
      </ExeHost>
    </EntryPoint>
  </CodePackage>
  <ConfigPackage Name="Config" Version="1.0.0" />
  <Resources>
    <Endpoints>
      <Endpoint Name="SfActorServiceEndpoint" />
      <Endpoint Name="SfActorServiceReplicatorEndpoint" />
    </Endpoints>
  </Resources>
  <!-- The content will be generated during build -->
</ServiceManifest>