﻿<?xml version="1.0" encoding="utf-8"?>
<ApplicationManifest xmlns:xsd="http://www.w3.org/2001/XMLSchema" xmlns:xsi="http://www.w3.org/2001/XMLSchema-instance" ApplicationTypeName="HealthMetrics" ApplicationTypeVersion="1.0.0.0" xmlns="http://schemas.microsoft.com/2011/01/fabric">
  <Parameters>
    <Parameter Name="ScoreCalculationMode" DefaultValue="Mode1" />
    <Parameter Name="CreationServiceParallelThreads" DefaultValue="4" />
    <Parameter Name="MaxBandsToCreatePerServiceInstance" DefaultValue="4000" />
    <Parameter Name="GenerateKnownPeople" DefaultValue="false" />
    <Parameter Name="KnownPatientId" DefaultValue="0e83c959-657d-ea06-0e2d-13f749d62229" />
    <Parameter Name="KnownDoctorId" DefaultValue="342827c7-bd78-d825-f312-2eae41f8ea45" />
  </Parameters>
  <ServiceManifestImport>
    <ServiceManifestRef ServiceManifestName="HealthMetrics.DoctorActorPkg" ServiceManifestVersion="1.0.0" />
    <ConfigOverrides>
      <ConfigOverride Name="Config">
        <Settings>
          <Section Name="HealthIndexCalculator.Settings">
            <Parameter Name="ScoreCalculationMode" Value="[ScoreCalculationMode]" />
          </Section>
        </Settings>
      </ConfigOverride>
    </ConfigOverrides>
  </ServiceManifestImport>
  <ServiceManifestImport>
    <ServiceManifestRef ServiceManifestName="HealthMetrics.BandActorPkg" ServiceManifestVersion="1.0.0" />
    <ConfigOverrides>
      <ConfigOverride Name="Config">
        <Settings>
          <Section Name="HealthIndexCalculator.Settings">
            <Parameter Name="ScoreCalculationMode" Value="[ScoreCalculationMode]" />
          </Section>
        </Settings>
      </ConfigOverride>
    </ConfigOverrides>
  </ServiceManifestImport>
  <ServiceManifestImport>
    <ServiceManifestRef ServiceManifestName="HealthMetrics.WebServicePkg" ServiceManifestVersion="1.0.0.0" />
    <ConfigOverrides>
      <ConfigOverride Name="Config">
        <Settings>
          <Section Name="HealthMetrics.WebService.Settings">
            <Parameter Name="GenerateKnownPeople" Value="[GenerateKnownPeople]" />
            <Parameter Name="KnownPatientId" Value="[KnownPatientId]" />
            <Parameter Name="KnownDoctorId" Value="[KnownDoctorId]" />
          </Section>
        </Settings>
      </ConfigOverride>
    </ConfigOverrides>
  </ServiceManifestImport>
  <ServiceManifestImport>
    <ServiceManifestRef ServiceManifestName="HealthMetrics.NationalServicePkg" ServiceManifestVersion="1.0.0.0" />
  </ServiceManifestImport>
  <ServiceManifestImport>
    <ServiceManifestRef ServiceManifestName="HealthMetrics.CountyServicePkg" ServiceManifestVersion="1.0.0.0" />
    <ConfigOverrides>
      <ConfigOverride Name="Config">
        <Settings>
          <Section Name="HealthIndexCalculator.Settings">
            <Parameter Name="ScoreCalculationMode" Value="[ScoreCalculationMode]" />
          </Section>
        </Settings>
      </ConfigOverride>
    </ConfigOverrides>
  </ServiceManifestImport>
  <ServiceManifestImport>
    <ServiceManifestRef ServiceManifestName="HealthMetrics.BandCreationServicePkg" ServiceManifestVersion="1.0.0.0" />
    <ConfigOverrides>
      <ConfigOverride Name="Config">
        <Settings>
          <Section Name="HealthMetrics.BandCreationService.Settings">
            <Parameter Name="NumberOfCreationThreads" Value="[CreationServiceParallelThreads]" />
            <Parameter Name="MaxBandsToCreatePerServiceInstance" Value="[MaxBandsToCreatePerServiceInstance]" />
            <Parameter Name="GenerateKnownPeople" Value="[GenerateKnownPeople]" />
            <Parameter Name="KnownPatientId" Value="[KnownPatientId]" />
            <Parameter Name="KnownDoctorId" Value="[KnownDoctorId]" />
          </Section>
        </Settings>
      </ConfigOverride>
    </ConfigOverrides>
  </ServiceManifestImport>
</ApplicationManifest>