﻿<?xml version="1.0" encoding="utf-8"?>
<ServiceManifest Name="VolumeTestServicePkg"
                 Version="1.0.0"
                 xmlns="http://schemas.microsoft.com/2011/01/fabric"
                 xmlns:xsd="http://www.w3.org/2001/XMLSchema"
                 xmlns:xsi="http://www.w3.org/2001/XMLSchema-instance">
  <ServiceTypes>
    <StatelessServiceType ServiceTypeName="VolumeTestServiceType" UseImplicitHost="true" />
  </ServiceTypes>
  <CodePackage Name="Code" Version="1.0.0">
    <EntryPoint>
      <ContainerHost>
        <ImageName></ImageName>
      </ContainerHost>
    </EntryPoint>
  </CodePackage>
  <Resources>
    <Endpoints>
      <Endpoint Name="VolumeTestServiceTypeEndpoint" UriScheme="http" />
    </Endpoints>
  </Resources>
</ServiceManifest>
