﻿<?xml version="1.0" encoding="utf-8"?>
<ApplicationManifest xmlns:xsd="http://www.w3.org/2001/XMLSchema" xmlns:xsi="http://www.w3.org/2001/XMLSchema-instance" ApplicationTypeName="IotIngestionApplicationType" ApplicationTypeVersion="1.0.0" xmlns="http://schemas.microsoft.com/2011/01/fabric">
  <Parameters>
    <Parameter Name="IotHubConnectionString" DefaultValue="" />
  </Parameters>
  <!-- Import the ServiceManifest from the ServicePackage. The ServiceManifestName and ServiceManifestVersion 
       should match the Name and Version attributes of the ServiceManifest element defined in the 
       ServiceManifest.xml file. -->
  <ServiceManifestImport>
    <ServiceManifestRef ServiceManifestName="Iot.Ingestion.RouterServicePkg" ServiceManifestVersion="1.0.0" />
    <ConfigOverrides>
      <ConfigOverride Name="Config">
        <Settings>
          <Section Name="IoTHubConfigInformation">
            <Parameter Name="ConnectionString" Value="[IotHubConnectionString]" />
          </Section>
        </Settings>
      </ConfigOverride>
    </ConfigOverrides>
  </ServiceManifestImport>
</ApplicationManifest>