<?xml version="1.0" encoding="utf-8" ?>
<ServiceManifest Name="HealthMetrics.NationalServicePkg"
                 Version="1.0.0.0"
                 xmlns="http://schemas.microsoft.com/2011/01/fabric"
                 xmlns:xsd="http://www.w3.org/2001/XMLSchema"
                 xmlns:xsi="http://www.w3.org/2001/XMLSchema-instance">
  <ServiceTypes>
    <StatefulServiceType ServiceTypeName="HealthMetrics.NationalServiceType" HasPersistedState="true" />
  </ServiceTypes>
  <CodePackage Name="Code" Version="1.0.0.0">
    <EntryPoint>
      <ExeHost>
        <Program>HealthMetrics.NationalService.exe</Program>
      </ExeHost>
    </EntryPoint>
  </CodePackage>
  <ConfigPackage Name="Config" Version="1.0.0.0" />
  <Resources>
    <Endpoints>
      <Endpoint Name="ServiceEndpoint" Type="Input" Protocol="http" />
    </Endpoints>
  </Resources>
</ServiceManifest>
