﻿<?xml version="1.0" encoding="utf-8"?>
<ServiceManifest xmlns:xsd="http://www.w3.org/2001/XMLSchema" xmlns:xsi="http://www.w3.org/2001/XMLSchema-instance" Name="BindingActorPkg" Version="1.0.1" xmlns="http://schemas.microsoft.com/2011/01/fabric">
  <ServiceTypes>
    <StatefulServiceType ServiceTypeName="BindingActorServiceType" HasPersistedState="true">
      <Extensions>
        <Extension Name="__GeneratedServiceType__" GeneratedId="7f69fcd0-7906-4070-b217-fe0d59f98eae|Persisted">
          <GeneratedNames xmlns="http://schemas.microsoft.com/2015/03/fabact-no-schema">
            <DefaultService Name="BindingActorService" />
            <ServiceEndpoint Name="BindingActorServiceEndpoint" />
            <ReplicatorEndpoint Name="BindingActorServiceReplicatorEndpoint" />
            <ReplicatorConfigSection Name="BindingActorServiceReplicatorConfig" />
            <ReplicatorSecurityConfigSection Name="BindingActorServiceReplicatorSecurityConfig" />
            <StoreConfigSection Name="BindingActorServiceLocalStoreConfig" />
          </GeneratedNames>
        </Extension>
      </Extensions>
    </StatefulServiceType>
  </ServiceTypes>
  <CodePackage Name="Code" Version="1.0.1">
    <EntryPoint>
      <ExeHost>
        <Program>BindingActor.exe</Program>
      </ExeHost>
    </EntryPoint>
  </CodePackage>
  <ConfigPackage Name="Config" Version="1.0.1" />
  <Resources>
    <Endpoints>
      <Endpoint Name="BindingActorServiceEndpoint" />
      <Endpoint Name="BindingActorServiceReplicatorEndpoint" />
    </Endpoints>
  </Resources>
  <!-- The content will be generated during build -->
</ServiceManifest>