﻿<?xml version="1.0" encoding="utf-8"?>
<ApplicationManifest ApplicationTypeName="Container.ApplicationType"
                     ApplicationTypeVersion="1.0.0"
                     xmlns="http://schemas.microsoft.com/2011/01/fabric"
                     xmlns:xsd="http://www.w3.org/2001/XMLSchema"
                     xmlns:xsi="http://www.w3.org/2001/XMLSchema-instance">
  <Parameters>
    <Parameter Name="BackEndService_InstanceCount" DefaultValue="1" />
    <Parameter Name="FrontEndService_InstanceCount" DefaultValue="1" />
  </Parameters>
  <!-- Import the ServiceManifest from the ServicePackage. The ServiceManifestName and ServiceManifestVersion 
       should match the Name and Version attributes of the ServiceManifest element defined in the 
       ServiceManifest.xml file. -->
  <ServiceManifestImport>
    <ServiceManifestRef ServiceManifestName="BackEndServicePkg" ServiceManifestVersion="1.0.0" />
    <ConfigOverrides />
    <!-- This policy maps the  port of the container (8905) to the endpoint declared in the service, 
         BackEndServiceTypeEndpoint has a dynamic port created on the host-->
    <Policies>
      <ContainerHostPolicies CodePackageRef="Code">
        <PortBinding ContainerPort="8905" EndpointRef="BackEndServiceTypeEndpoint"/>
      </ContainerHostPolicies>
    </Policies>
  </ServiceManifestImport>
  <ServiceManifestImport>
    <ServiceManifestRef ServiceManifestName="FrontEndServicePkg" ServiceManifestVersion="1.0.0" />
    <ConfigOverrides />
    <!-- This enables you to provide different values for environment variables when creating a FrontEndService
         Theses environment variables are declared in the FrontEndServiceType service manifest-->
    <EnvironmentOverrides CodePackageRef="Code">
      <EnvironmentVariable Name="BackendServiceName" Value="Container.Application/BackEndService"/>
      <EnvironmentVariable Name="HttpGatewayPort" Value="19080"/>
      <EnvironmentVariable Name="IsContainer" Value="true"/>
    </EnvironmentOverrides>
    <!-- This policy maps the  port of the container (8905) to the endpoint declared in the service, 
         FrontEndServiceTypeEndpoint which is exposed as port 80 on the host-->
    <Policies>
      <ContainerHostPolicies CodePackageRef="Code">
        <PortBinding ContainerPort="80" EndpointRef="FrontEndServiceTypeEndpoint"/>
      </ContainerHostPolicies>
    </Policies>
  </ServiceManifestImport>
  
  <DefaultServices>
    <!-- The section below creates instances of service types, when an instance of this 
         application type is created. You can also create one or more instances of service type using the 
         ServiceFabric PowerShell module.
         
         The attribute ServiceTypeName below must match the name defined in the imported ServiceManifest.xml file. -->
        
    <Service Name="FrontEndService">
      <StatelessService ServiceTypeName="FrontEndServiceType" InstanceCount="[FrontEndService_InstanceCount]">
        <SingletonPartition />
      </StatelessService>
    </Service>
        <Service Name="BackEndService">
      <StatelessService ServiceTypeName="BackEndServiceType" InstanceCount="[BackEndService_InstanceCount]">
        <SingletonPartition />
      </StatelessService>
    </Service>
  </DefaultServices>
</ApplicationManifest>