<?xml version="1.0" encoding="utf-8"?>
<ServiceManifest xmlns:xsd="http://www.w3.org/2001/XMLSchema" xmlns:xsi="http://www.w3.org/2001/XMLSchema-instance" Name="CounterActorPkg" Version="1.0.0" xmlns="http://schemas.microsoft.com/2011/01/fabric">
   <ServiceTypes>
      <StatefulServiceType ServiceTypeName="CounterActorType" HasPersistedState="true">
      </StatefulServiceType>
   </ServiceTypes>
   <CodePackage Name="Code" Version="1.0.0">
      <EntryPoint>
         <ExeHost>
            <Program>entryPoint.sh</Program>
         </ExeHost>
      </EntryPoint>
   </CodePackage>
   <ConfigPackage Name="Config" Version="1.0.0" />
   <Resources>
      <Endpoints>
         <Endpoint Name="CounterActorEndpoint" />
         <Endpoint Name="CounterActorReplicatorEndpoint" />
      </Endpoints>
   </Resources>
</ServiceManifest>