{
  "name": "SampleCluster",
  "clusterConfigurationVersion": "1.0.0",
  "apiVersion": "10-2017",
  "nodes": [
    {
      "nodeName": "vm0",
      "iPAddress": "localhost",
      "nodeTypeRef": "NodeType0",
      "faultDomain": "fd:/dc1/r0",
      "upgradeDomain": "UD0"
    }
  ],
  "properties": {
    "diagnosticsStore": {
      "metadata": "Please replace the diagnostics file share with an actual file share accessible from all cluster machines.",
      "dataDeletionAgeInDays": "7",
      "storeType": "FileShare",
      "connectionstring": "c:\\ProgramData\\SF\\DiagnosticsStore"
    },
    "security": {
      "metadata": "The Credential type X509 indicates this is cluster is secured using X509 Certificates. The thumbprint format is - d5 ec 42 3b 79 cb e5 07 fd 83 59 3c 56 b9 d5 31 24 25 42 64.",
      "ClusterCredentialType": "Windows",
      "ServerCredentialType": "X509",
      "WindowsIdentities": {
        "ClusterIdentity": "domain\\machinegroup"
      },
      "CertificateInformation": {
        "ServerCertificate": {
          "Thumbprint": "[Thumbprint]",
          "ThumbprintSecondary": "[Thumbprint]",
          "X509StoreName": "My"
        }
      }
    },
    "nodeTypes": [
      {
        "name": "NodeType0",
        "clientConnectionEndpointPort": "19000",
        "clusterConnectionEndpointPort": "19001",
        "leaseDriverEndpointPort": "19002",
        "serviceConnectionEndpointPort": "19003",
        "httpGatewayEndpointPort": "19080",
        "reverseProxyEndpointPort": "30000",
        "applicationPorts": {
          "startPort": "20001",
          "endPort": "20031"
        },
        "ephemeralPorts": {
          "startPort": "20032",
          "endPort": "20287"
        },
        "isPrimary": true
      }
    ],
    "fabricSettings": [
      {
        "name": "Setup",
        "parameters": [
          {
            "name": "FabricDataRoot",
            "value": "C:\\ProgramData\\SF"
          },
          {
            "name": "FabricLogRoot",
            "value": "C:\\ProgramData\\SF\\Log"
          }
        ]
      }
    ]
  }
}