﻿<?xml version="1.0" encoding="utf-8"?>
<ServiceManifest xmlns:xsd="http://www.w3.org/2001/XMLSchema" xmlns:xsi="http://www.w3.org/2001/XMLSchema-instance" Name="BrokeredServiceActorPkg" Version="1.0.0" xmlns="http://schemas.microsoft.com/2011/01/fabric">
  <ServiceTypes>
    <StatefulServiceType ServiceTypeName="BrokeredServiceActorServiceType" HasPersistedState="true">
      <Extensions>
        <Extension Name="__GeneratedServiceType__" GeneratedId="c9b58013-323b-4433-8d70-6bd41af6fea7|Persisted">
          <GeneratedNames xmlns="http://schemas.microsoft.com/2015/03/fabact-no-schema">
            <DefaultService Name="BrokeredServiceActorService" />
            <ServiceEndpoint Name="BrokeredServiceActorServiceEndpoint" />
            <ReplicatorEndpoint Name="BrokeredServiceActorServiceReplicatorEndpoint" />
            <ReplicatorConfigSection Name="BrokeredServiceActorServiceReplicatorConfig" />
            <ReplicatorSecurityConfigSection Name="BrokeredServiceActorServiceReplicatorSecurityConfig" />
            <StoreConfigSection Name="BrokeredServiceActorServiceLocalStoreConfig" />
          </GeneratedNames>
        </Extension>
      </Extensions>
    </StatefulServiceType>
  </ServiceTypes>
  <CodePackage Name="Code" Version="1.0.0">
    <EntryPoint>
      <ExeHost>
        <Program>BrokeredServiceActor.exe</Program>
      </ExeHost>
    </EntryPoint>
  </CodePackage>
  <ConfigPackage Name="Config" Version="1.0.0" />
  <Resources>
    <Endpoints>
      <Endpoint Name="BrokeredServiceActorServiceEndpoint" />
      <Endpoint Name="BrokeredServiceActorServiceReplicatorEndpoint" />
    </Endpoints>
  </Resources>
  <!-- The content will be generated during build -->
</ServiceManifest>