﻿<?xml version="1.0" encoding="utf-8"?>
<Application xmlns:xsd="http://www.w3.org/2001/XMLSchema" xmlns:xsi="http://www.w3.org/2001/XMLSchema-instance" Name="fabric:/GettingStartedApplication" xmlns="http://schemas.microsoft.com/2011/01/fabric">
  <Parameters>
    <Parameter Name="GuestExeBackendService_InstanceCount" Value="1" />
    <Parameter Name="StatefulBackendService_PartitionCount" Value="2" />
    <Parameter Name="StatefulBackendService_MinReplicaSetSize" Value="3" />
    <Parameter Name="StatefulBackendService_TargetReplicaSetSize" Value="3" />
    <Parameter Name="StatelessBackendService_InstanceCount" Value="1" />
    <Parameter Name="WebService_InstanceCount" Value="1" />
    <Parameter Name="MyActorService_PartitionCount" Value="9" />
    <Parameter Name="MyActorService_TargetReplicaSetSize" Value="1" />
    <Parameter Name="MyActorService_MinReplicaSetSize" Value="1" />
  </Parameters>
</Application>