<?xml version="1.0" encoding="utf-8"?>
<ApplicationManifest xmlns:xsd="http://www.w3.org/2001/XMLSchema" xmlns:xsi="http://www.w3.org/2001/XMLSchema-instance" ApplicationTypeName="CalculatorActorApplicationType" ApplicationTypeVersion="1.0.0" xmlns="http://schemas.microsoft.com/2011/01/fabric">
  <Parameters>
    <Parameter Name="CalculatorActorService_PartitionCount" DefaultValue="1" />
    <Parameter Name="CalculatorActorService_MinReplicaSetSize" DefaultValue="3" />
    <Parameter Name="CalculatorActorService_TargetReplicaSetSize" DefaultValue="3" />
  </Parameters>
  <ServiceManifestImport>
    <ServiceManifestRef ServiceManifestName="CalculatorActorPkg" ServiceManifestVersion="1.0.0" />
  </ServiceManifestImport>
  <DefaultServices>
    <Service Name="CalculatorActorService">
      <StatefulService ServiceTypeName="CalculatorActorServiceType" TargetReplicaSetSize="[CalculatorActorService_TargetReplicaSetSize]" MinReplicaSetSize="[CalculatorActorService_MinReplicaSetSize]">
        <UniformInt64Partition PartitionCount="[CalculatorActorService_PartitionCount]" LowKey="-9223372036854775808" HighKey="9223372036854775807" />
      </StatefulService>
    </Service>
  </DefaultServices>
</ApplicationManifest>
