﻿<?xml version="1.0" encoding="utf-8"?>
<Application xmlns:xsd="http://www.w3.org/2001/XMLSchema" xmlns:xsi="http://www.w3.org/2001/XMLSchema-instance" Name="fabric:/SFServiceCatalog" xmlns="http://schemas.microsoft.com/2011/01/fabric">
  <Parameters>
    <Parameter Name="CatalogService_InstanceCount" Value="1" />
    <Parameter Name="OSBEntityCatalogActor_PartitionCount" Value="1" />
    <Parameter Name="OSBEntityCatalogActor_TargetReplicaSetSize" Value="1" />
    <Parameter Name="OSBEntityCatalogActor_MinReplicaSetSize" Value="1" />
    <Parameter Name="OSBEntityActor_PartitionCount" Value="1" />
    <Parameter Name="OSBEntityActor_TargetReplicaSetSize" Value="1" />
    <Parameter Name="OSBEntityActor_MinReplicaSetSize" Value="1" />
    <Parameter Name="ServiceBrokerActorService_PartitionCount" Value="1" />
    <Parameter Name="ServiceBrokerActorService_TargetReplicaSetSize" Value="1" />
    <Parameter Name="ServiceBrokerActorService_MinReplicaSetSize" Value="1" />
  </Parameters>
</Application>