{
    "$schema": "https://schema.management.azure.com/schemas/2015-01-01/deploymentParameters.json#",
    "contentVersion": "1.0.0.0",
    "parameters": {
        "clusterName": {
            "value": ""
        },
        "clusterLocation": {
            "value": ""
        },
        "computeLocation": {
            "value": ""
        },
        "vmStorageAccountName": {
            "value": ""
        },
        "dnsName": {
            "value": ""
        },
        "sourceVaultValue": {
            "value": ""
        },
        "certificateUrlValue": {
            "value": ""
        },
        "certificateThumbprint": {
            "value": ""
        },
        "clientCertificateThumbprint": {
            "value": ""
        }
    }
}