﻿<?xml version="1.0" encoding="utf-8"?>
<ApplicationManifest xmlns:xsd="http://www.w3.org/2001/XMLSchema" xmlns:xsi="http://www.w3.org/2001/XMLSchema-instance" ApplicationTypeName="WatchdogType" ApplicationTypeVersion="1.0.0" xmlns="http://schemas.microsoft.com/2011/01/fabric">
  <Description />
  <Parameters />
  <!-- Import the ServiceManifest from the ServicePackage. The ServiceManifestName and ServiceManifestVersion 
       should match the Name and Version attributes of the ServiceManifest element defined in the 
       ServiceManifest.xml file. -->
  <ServiceManifestImport>
    <ServiceManifestRef ServiceManifestName="WatchdogServicePkg" ServiceManifestVersion="1.0.0" />
    <ConfigOverrides />
  </ServiceManifestImport>
  <DefaultServices>
    <Service Name="WatchdogService">
      <StatefulService ServiceTypeName="WatchdogServiceType" TargetReplicaSetSize="3" MinReplicaSetSize="2">
        <SingletonPartition />
      </StatefulService>
    </Service>
  </DefaultServices>
</ApplicationManifest>