<?xml version="1.0" encoding="UTF-8" standalone="yes"?>
<ApplicationManifest ApplicationTypeName="VotingType" ApplicationTypeVersion="1.0.0" xmlns="http://schemas.microsoft.com/2011/01/fabric" xmlns:xsd="http://www.w3.org/2001/XMLSchema" xmlns:xsi="http://www.w3.org/2001/XMLSchema-instance">
  <ServiceManifestImport>
    <ServiceManifestRef ServiceManifestName="azurevotefrontPkg" ServiceManifestVersion="1.0.0"/>
      <Policies>
        <ContainerHostPolicies CodePackageRef="Code">
          <PortBinding ContainerPort="80" EndpointRef="azurevotefrontTypeEndpoint"/>
        </ContainerHostPolicies>
    </Policies>
  </ServiceManifestImport>
  <ServiceManifestImport>
    <ServiceManifestRef ServiceManifestName="azurevotebackPkg" ServiceManifestVersion="1.0.0"/>
        <Policies>
    <ContainerHostPolicies CodePackageRef="Code">
        <PortBinding ContainerPort="6379" EndpointRef="azurevotebackTypeEndpoint"/>
    </ContainerHostPolicies>
    </Policies>
  </ServiceManifestImport>
  <DefaultServices>
    <Service Name="azurevotefront">
      <StatelessService ServiceTypeName="azurevotefrontType" InstanceCount="1">
        <SingletonPartition/>
      </StatelessService>
    </Service>
    <Service Name="azurevoteback" ServiceDnsName="redisbackend.testapp">
      <StatelessService ServiceTypeName="azurevotebackType" InstanceCount="1">
        <SingletonPartition/>
      </StatelessService>
    </Service>
  </DefaultServices>
</ApplicationManifest>