﻿<?xml version="1.0" encoding="utf-8"?>
<ServiceManifest xmlns:xsd="http://www.w3.org/2001/XMLSchema" xmlns:xsi="http://www.w3.org/2001/XMLSchema-instance" Name="OSBEntityActorPkg" Version="1.0.0" xmlns="http://schemas.microsoft.com/2011/01/fabric">
  <ServiceTypes>
    <StatefulServiceType ServiceTypeName="OSBEntityActorType" HasPersistedState="true">
      <Extensions>
        <Extension Name="__GeneratedServiceType__" GeneratedId="ac0c1a94-5e9a-44f9-9949-b0e915c4c50b|Persisted">
          <GeneratedNames xmlns="http://schemas.microsoft.com/2015/03/fabact-no-schema">
            <DefaultService Name="OSBEntityActor" />
            <ServiceEndpoint Name="OSBEntityActorEndpoint" />
            <ReplicatorEndpoint Name="OSBEntityActorReplicatorEndpoint" />
            <ReplicatorConfigSection Name="OSBEntityActorReplicatorConfig" />
            <ReplicatorSecurityConfigSection Name="OSBEntityActorReplicatorSecurityConfig" />
            <StoreConfigSection Name="OSBEntityActorLocalStoreConfig" />
          </GeneratedNames>
        </Extension>
      </Extensions>
    </StatefulServiceType>
  </ServiceTypes>
  <CodePackage Name="Code" Version="1.0.0">
    <EntryPoint>
      <ExeHost>
        <Program>OSBEntityActor.exe</Program>
      </ExeHost>
    </EntryPoint>
  </CodePackage>
  <ConfigPackage Name="Config" Version="1.0.0" />
  <DataPackage Name="Handlers" Version="1.0.0" />
  <Resources>
    <Endpoints>
      <Endpoint Name="OSBEntityActorEndpoint" />
      <Endpoint Name="OSBEntityActorReplicatorEndpoint" />
    </Endpoints>
  </Resources>
  <!-- The content will be generated during build -->
</ServiceManifest>