﻿<?xml version="1.0" encoding="utf-8"?>
<ServiceManifest xmlns:xsd="http://www.w3.org/2001/XMLSchema" xmlns:xsi="http://www.w3.org/2001/XMLSchema-instance" Name="OSBEntityCatalogActorPkg" Version="1.0.0" xmlns="http://schemas.microsoft.com/2011/01/fabric">
  <ServiceTypes>
    <StatefulServiceType ServiceTypeName="OSBEntityCatalogActorType" HasPersistedState="true">
      <Extensions>
        <Extension Name="__GeneratedServiceType__" GeneratedId="8c8c8ed9-9410-4254-816a-e83a0e6f2c64|Persisted">
          <GeneratedNames xmlns="http://schemas.microsoft.com/2015/03/fabact-no-schema">
            <DefaultService Name="OSBEntityCatalogActor" />
            <ServiceEndpoint Name="OSBEntityCatalogActorEndpoint" />
            <ReplicatorEndpoint Name="OSBEntityCatalogActorReplicatorEndpoint" />
            <ReplicatorConfigSection Name="OSBEntityCatalogActorReplicatorConfig" />
            <ReplicatorSecurityConfigSection Name="OSBEntityCatalogActorReplicatorSecurityConfig" />
            <StoreConfigSection Name="OSBEntityCatalogActorLocalStoreConfig" />
          </GeneratedNames>
        </Extension>
      </Extensions>
    </StatefulServiceType>
  </ServiceTypes>
  <CodePackage Name="Code" Version="1.0.0">
    <EntryPoint>
      <ExeHost>
        <Program>OSBEntityCatalogActor.exe</Program>
      </ExeHost>
    </EntryPoint>
  </CodePackage>
  <ConfigPackage Name="Config" Version="1.0.0" />
  <Resources>
    <Endpoints>
      <Endpoint Name="OSBEntityCatalogActorEndpoint" />
      <Endpoint Name="OSBEntityCatalogActorReplicatorEndpoint" />
    </Endpoints>
  </Resources>
  <!-- The content will be generated during build -->
</ServiceManifest>