﻿<?xml version="1.0" encoding="utf-8"?>
<ServiceManifest xmlns:xsd="http://www.w3.org/2001/XMLSchema" xmlns:xsi="http://www.w3.org/2001/XMLSchema-instance" Name="ServiceBrokerActorPkg" Version="1.0.0" xmlns="http://schemas.microsoft.com/2011/01/fabric">
  <ServiceTypes>
    <StatefulServiceType ServiceTypeName="ServiceBrokerActorServiceType" HasPersistedState="true">
      <Extensions>
        <Extension Name="__GeneratedServiceType__" GeneratedId="9c67003c-506a-4f7c-ab2e-1879acbb1f91|Persisted">
          <GeneratedNames xmlns="http://schemas.microsoft.com/2015/03/fabact-no-schema">
            <DefaultService Name="ServiceBrokerActorService" />
            <ServiceEndpoint Name="ServiceBrokerActorServiceEndpoint" />
            <ReplicatorEndpoint Name="ServiceBrokerActorServiceReplicatorEndpoint" />
            <ReplicatorConfigSection Name="ServiceBrokerActorServiceReplicatorConfig" />
            <ReplicatorSecurityConfigSection Name="ServiceBrokerActorServiceReplicatorSecurityConfig" />
            <StoreConfigSection Name="ServiceBrokerActorServiceLocalStoreConfig" />
          </GeneratedNames>
        </Extension>
      </Extensions>
    </StatefulServiceType>
  </ServiceTypes>
  <CodePackage Name="Code" Version="1.0.0">
    <EntryPoint>
      <ExeHost>
        <Program>ServiceBrokerActor.exe</Program>
      </ExeHost>
    </EntryPoint>
  </CodePackage>
  <ConfigPackage Name="Config" Version="1.0.0" />
  <Resources>
    <Endpoints>
      <Endpoint Name="ServiceBrokerActorServiceEndpoint" />
      <Endpoint Name="ServiceBrokerActorServiceReplicatorEndpoint" />
    </Endpoints>
  </Resources>
  <!-- The content will be generated during build -->
</ServiceManifest>