﻿<?xml version="1.0" encoding="utf-8"?>
<ApplicationManifest xmlns:xsd="http://www.w3.org/2001/XMLSchema" xmlns:xsi="http://www.w3.org/2001/XMLSchema-instance" ApplicationTypeName="LoadDriverApplicationType" ApplicationTypeVersion="1.0.0" xmlns="http://schemas.microsoft.com/2011/01/fabric">
  <Parameters>
    <Parameter Name="LoadDriverService_InstanceCount" DefaultValue="1" />
    <Parameter Name="LoadDriverService_PartitionCount" DefaultValue="1" />
  </Parameters>
  <!-- Import the ServiceManifest from the ServicePackage. The ServiceManifestName and ServiceManifestVersion 
       should match the Name and Version attributes of the ServiceManifest element defined in the 
       ServiceManifest.xml file. -->
  <ServiceManifestImport>
    <ServiceManifestRef ServiceManifestName="LoadDriverServicePkg" ServiceManifestVersion="1.0.0" />
    <ConfigOverrides />
  </ServiceManifestImport>
  <DefaultServices>
    <!-- The section below creates instances of service types, when an instance of this 
         application type is created. You can also create one or more instances of service type using the 
         ServiceFabric PowerShell module.
         
         The attribute ServiceTypeName below must match the name defined in the imported ServiceManifest.xml file. -->
    <Service Name="LoadDriverService">
      <StatelessService ServiceTypeName="LoadDriverServiceType" InstanceCount="[LoadDriverService_InstanceCount]">
        <UniformInt64Partition PartitionCount="[LoadDriverService_PartitionCount]" LowKey="-9223372036854775808" HighKey="9223372036854775807" />
      </StatelessService>
    </Service>
  </DefaultServices>
</ApplicationManifest>